{"type": "block", "layer": 13, "block": 0, "features": [{"geom": {"polygons": [[[[-114.21717353878194, 103.69976291060448], [-171.49220407701796, 28.10319351311773], [-215.85934875995736, 61.71754383202642], [-174.2373426941631, 111.21329987235367], [-114.21717353878194, 103.69976291060448]]]], "centroids": [[-167.54045952894376, 75.12998090870678, 11.345756530761719]], "h": 54.0}, "mtl": {"idx": 0}}], "featureCount": 1, "startIndex": 0}